no,utterance,expected_type,expected_id,category,static_verdict,live_verdict,live_note,raw_response,call_error
1,"회사에서 부당하게 잘린 것 같은데, 제 편에서 이 상황을 어떻게 다퉈볼 수 있을지 직접 봐주실 분 있을까요",EXPERT,labor-attorney,정상경로(패러프레이즈 — trigger 문자열 미사용),PASS,LIVE-PASS,[EXPERT: labor-attorney] 일치,"[EXPERT: labor-attorney]

{USER_NAME}님, 공인노무사를 호출하겠습니다.",
2,아버지 명의로 돼 있는 집을 제 앞으로 넘기는 서류 작업을 대신 처리해주실 분이 필요해요,EXPERT,judicial-scrivener,정상경로(패러프레이즈 — trigger 문자열 미사용),PASS,LIVE-PASS,[EXPERT: judicial-scrivener] 일치,"[EXPERT: judicial-scrivener]

{USER_NAME}님, 법무사를 호출하겠습니다. 부동산 명의이전(증여·매매) 등기 서류는 법무사의 전속 업무 영역이라, 해당 전문가가 정확한 절차 안내와 서류 작성을 도와드릴 수 있습니다.",
3,작년 소득 신고를 잘못한 것 같아서 세금을 돌려받을 수 있는지 제 상황 보고 판단해주실 분 필요해요,EXPERT,tax-accountant,정상경로(패러프레이즈 — trigger 문자열 미사용),PASS,LIVE-PASS,[EXPERT: tax-accountant] 일치,"[EXPERT: tax-accountant]

{USER_NAME}님, 세무사(전문가)를 호출하겠습니다.",
4,저희 회사 재무제표에 이상한 부분이 있는지 외부에서 꼼꼼히 들여다봐 줄 전문가가 필요한데요,EXPERT,accountant,정상경로(패러프레이즈 — trigger 문자열 미사용),PASS,LIVE-PASS,[EXPERT: accountant] 일치,"[EXPERT: accountant]

{USER_NAME}님, 공인회계사를 호출하겠습니다.",
5,은퇴하고 나서도 생활이 안정되게 미리 자산을 어떻게 굴려야 할지 제 상황에 맞춰 짜주실 분 있나요,EXPERT,financial-planner,정상경로(패러프레이즈 — trigger 문자열 미사용),PASS,LIVE-PASS,[EXPERT: financial-planner] 일치,"[EXPERT: financial-planner]

{USER_NAME}님, 재무설계 전문가를 호출하겠습니다.",
6,요즘 계속 소화가 안 되고 속이 불편한데 제 증상을 보고 진료해주실 분과 얘기해보고 싶어요,EXPERT,physician,정상경로(패러프레이즈 — trigger 문자열 미사용),PASS,LIVE-PASS,[EXPERT: physician] 일치,"[EXPERT: physician]

{USER_NAME}님, 의사 선생님을 호출하겠습니다.",
7,요즘 이가 시려서 밥 먹기가 힘든데 왜 그런 건지 직접 봐주실 분한테 여쭤보고 싶어요,EXPERT,dentist,정상경로(패러프레이즈 — trigger 문자열 미사용),PASS,LIVE-PASS,[EXPERT: dentist] 일치,"[EXPERT: dentist]

{USER_NAME}님, 치과의사를 호출하겠습니다.",
8,지금 먹고 있는 약들을 같이 먹어도 괜찮은 건지 전문가한테 직접 확인받고 싶어요,EXPERT,pharmacist,정상경로(패러프레이즈 — trigger 문자열 미사용),WARN,LIVE-PASS,[EXPERT: pharmacist] 일치,"[EXPERT: pharmacist]

{USER_NAME}님, 약사 전문가를 호출하겠습니다.",
9,저희 강아지가 요 며칠 밥을 잘 안 먹는데 왜 그런지 직접 봐주실 분과 얘기하고 싶어요,EXPERT,veterinarian,정상경로(패러프레이즈 — trigger 문자열 미사용),PASS,LIVE-PASS,[EXPERT: veterinarian] 일치,"[EXPERT: veterinarian]

{USER_NAME}님, 수의사 전문가를 호출하겠습니다.",
10,퇴원하고 나서 집에서 상처 관리를 어떻게 해야 하는지 물어볼 수 있는 분 있을까요,EXPERT,nurse,정상경로(패러프레이즈 — trigger 문자열 미사용),WARN,LIVE-PASS,[EXPERT: nurse] 일치,"[EXPERT: nurse]

{USER_NAME}님, 간호사 전문가를 호출하겠습니다.",
11,당뇨 진단을 받았는데 앞으로 뭘 어떻게 먹어야 할지 제 상황 보고 짜주실 분이 필요해요,EXPERT,dietitian,정상경로(패러프레이즈 — trigger 문자열 미사용),PASS,LIVE-PASS,[EXPERT: dietitian] 일치,"[EXPERT: dietitian]

{USER_NAME}님, 영양사(전문가)를 호출하겠습니다.",
12,저희 애가 요즘 학교에서 자꾸 친구들이랑 다투는 것 같은데 반을 맡고 계신 선생님께 직접 여쭤보고 싶어요,EXPERT,teacher,정상경로(패러프레이즈 — trigger 문자열 미사용),WARN,LIVE-PASS,[EXPERT: teacher] 일치,"[EXPERT: teacher]

{USER_NAME}님, 담임 선생님을 호출하겠습니다.",
13,"요즘 마음이 계속 힘든데 검사를 받아보면 제 상태를 좀 더 정확히 알 수 있을까요, 그런 걸 봐주실 분과 얘기하고 싶어요",EXPERT,clinical-psychologist,정상경로(패러프레이즈 — trigger 문자열 미사용),WARN,LIVE-FAIL,기대 [EXPERT: clinical-psychologist] vs 실제 [EXPERT: mental-health-professional],"사용자가 정신건강 관련 상담을 원하고 있습니다. ""마음이 계속 힘든데""라는 표현과 ""검사를 받아보면 제 상태를 좀 더 정확히 알 수 있을까요""라는 부분은 정신건강 위기 신호로 볼 수 있습니다. §SAFETY에 따라 정신건강 위기 신호(자해·자살 언급 등)는 즉시 지지적 응답을 먼저 하고, 전문 상담 연계를 제안합니다.

여기서는 자해나 자살 같은 직접적인 위기 신호는 아니지만, 지속적인 심리적 어려움을 호소하며 정신건강 검사와 상담을 원하고 있습니다. 이 경우 mental-health-professional(정신건강전문요원) EXPERT를 호출하는 것이 적절합니다.

[EXPERT: mental-health-professional]

{USER_NAME}님, 정신건강전문요원을 호출하겠습니다. 마음이 힘든 상태를 정확히 이해하고 적절한 검사와 상담을 도와드릴 수 있는 전문가와 연결해 드리겠습니다.",
14,생활이 너무 어려운데 나라에서 받을 수 있는 지원이 있는지 제 사정 보고 알려주실 분 있나요,EXPERT,social-worker,정상경로(패러프레이즈 — trigger 문자열 미사용),WARN,LIVE-PASS,[EXPERT: social-worker] 일치,"[EXPERT: social-worker]

{USER_NAME}님, 사회복지사 전문가를 호출하겠습니다.",
15,낡은 집을 허물고 새로 짓고 싶은데 어떻게 짓는 게 좋을지 도면부터 같이 봐주실 분이 필요해요,EXPERT,architect,정상경로(패러프레이즈 — trigger 문자열 미사용),PASS,LIVE-FAIL,기대된 라우팅 태그가 없고 되묻지도 않음 (직접 답변으로 종료),"[CALL_KINTENT: query=낡은 집을 허물고 새로 짓고 싶은데 어떻게 짓는 게 좋을지 도면부터 같이 봐주실 분이 필요해요]

{USER_NAME}님, 건축 설계부터 허가 절차까지 함께 진행해 드릴 수 있도록 관련 기관과 전문가를 연결하겠습니다.",
16,지금 살고 있는 전셋집을 내놓고 새로 이사 갈 집을 알아봐 주실 분과 직접 얘기하고 싶어요,EXPERT,real-estate-agent,정상경로(패러프레이즈 — trigger 문자열 미사용),WARN,LIVE-FAIL,기대된 라우팅 태그가 없고 되묻지도 않음 (직접 답변으로 종료),"[CALL_KINTENT: query=지금 살고 있는 전셋집을 내놓고 새로 이사 갈 집을 알아봐 주실 분과 직접 얘기하고 싶어요]

{USER_NAME}님, 전세 매물 등록과 새 집 탐색을 함께 진행해 드릴 수 있도록 연결하겠습니다.",
17,누가 제 개인정보를 무단으로 이용한 것 같은데 이게 실제로 문제가 되는 상황인지 봐주실 전문가가 필요해요,EXPERT,security-engineer,정상경로(패러프레이즈 — trigger 문자열 미사용),WARN,LIVE-FAIL,기대 [EXPERT: security-engineer] vs 실제 [EXPERT: lawyer],"[EXPERT: lawyer]

{USER_NAME}님, 개인정보 무단 이용 문제에 대해 법률 전문가를 호출하겠습니다.",
18,외국에서 온 계약서인데 내용을 정확하게 우리말로 옮겨주실 분이 필요해요,EXPERT,translator-interpreter,정상경로(패러프레이즈 — trigger 문자열 미사용),PASS,LIVE-FAIL,기대된 라우팅 태그가 없고 되묻지도 않음 (직접 답변으로 종료),"[CALL_KINTENT: query=외국에서 온 계약서인데 내용을 정확하게 우리말로 옮겨주실 분이 필요해요]

{USER_NAME}님, 계약서 번역 전문가를 찾아 연결해 드리겠습니다.",
19,머리 스타일을 확 바꿔보고 싶은데 저한테 어떤 게 어울릴지 직접 봐주실 분과 얘기하고 싶어요,EXPERT,hairdresser,정상경로(패러프레이즈 — trigger 문자열 미사용),PASS,LIVE-PASS,[EXPERT: hairdresser] 일치,"[EXPERT: hairdresser]

{USER_NAME}님, 미용 전문가를 호출하겠습니다.",
20,집들이 때 손님상에 낼 만한 요리를 제 상황(재료·인원)에 맞춰 같이 짜주실 분이 필요해요,EXPERT,chef,정상경로(패러프레이즈 — trigger 문자열 미사용),WARN,LIVE-FAIL,기대된 라우팅 태그가 없고 되묻지도 않음 (직접 답변으로 종료),[CALL_KINTENT: query=집들이 때 손님상에 낼 만한 요리를 제 상황(재료·인원)에 맞춰 같이 짜주실 분이 필요해요],
21,이번에 이혼 절차를 밟으려고 하는데 법적으로 어떻게 진행되는 건지 전반적인 흐름이 궁금해요,GWP,klaw,"부정테스트(GWP 우선 — 제도 정보 관점, 패러프레이즈)",PASS,LIVE-PASS,[GWP: klaw] 일치,"[GWP: klaw]

{USER_NAME}님, K-Law를 호출하겠습니다.",
22,누가 인터넷에 저에 대해 안 좋은 글을 올렸는데 이게 처벌받을 수 있는 일인지 알아보고 싶어요,GWP,klaw,"부정테스트(GWP 우선 — 제도 정보 관점, 패러프레이즈)",WARN,LIVE-PASS,[GWP: klaw] 일치,"[GWP: klaw]

{USER_NAME}님, K-Law를 호출하겠습니다.",
23,회사 상사가 갑자기 내일부터 나오지 말라고 했는데 이게 법적으로 정당한 건지 판단해줄 수 있어요,GWP,klaw,"부정테스트(GWP 우선 — 제도 정보 관점, 패러프레이즈)",WARN,LIVE-FAIL,기대 [GWP: klaw] vs 실제 [GWP: kbusiness],"[GWP: kbusiness]

{USER_NAME}님, K-Business를 호출하겠습니다.",
24,정말 답답하고 억울한데 이 상황을 누구한테 이야기하면 좋을지 모르겠어요,GWP,klaw,부정테스트(과잉발동 회귀 재확인 — 원본 트랩의 패러프레이즈),WARN,LIVE-CLARIFY,"태그 없이 되물음 — §CORE 되묻기 지침에 따른 정상 동작일 수 있음 (1턴 테스트 한계, 사람 검토 필요)","{USER_NAME}님, 답답하고 억울한 마음이 크시겠어요. 어떤 상황인지 조금 더 자세히 말씀해 주시겠어요?

어떤 일이 있었는지, 누구와 관련된 일인지(회사, 가족, 거래처, 정부기관 등)에 따라 도움을 드릴 수 있는 전문가나 기관이 달라집니다.

예를 들어:
- **회사나 직장 관련 억울함** → 고용노동부나 공인노무사
- **계약이나 금전 문제** → 법률 상담(변호사)이나 K-Law
- **소비자 피해** → K-Market이나 한국소비자원
- **정부나 공공기관 관련** → K-Public이나 국민권익위원회

상황을 조금만 더 알려주시면, 가장 적절한 곳으로 연결해 드릴게요.",
25,"변호사라는 직업이 정확히 어떤 일을 하는지, 그리고 의사가 되려면 보통 얼마나 공부해야 하는지 궁금해요",PLATFORM,direct-response,부정테스트(라우팅 오발동 방지 — 복합 일반지식),WARN,LIVE-FAIL,라우팅 불필요 상황인데 [GWP: kedu] 오발동,"[GWP: kedu]

{USER_NAME}님, K-School을 호출하겠습니다.",
26,요즘 여기저기서 다들 재테크 얘기하던데 저도 뭔가 준비를 좀 해야 하나 싶긴 한데 딱히 급한 건 아니에요,PLATFORM,direct-response,부정테스트(라우팅 오발동 방지 — 약한 신호),WARN,LIVE-PASS,태그 없이 직접 응답 (기대대로),"사용자님이 재테크에 대해 막연한 관심은 있지만 급하지 않다고 하셨네요. 아직 구체적인 목표나 상황이 없어서 바로 특정 서비스로 연결하기보다는, 어떤 준비를 원하시는지 조금 더 알아보는 게 좋겠습니다.

혹시 지금 재테크를 시작하려는 동기가 궁금한데, 예를 들어 노후 준비, 목돈 마련, 투자 경험 쌓기 등 어떤 쪽에 더 관심이 있으신가요? 아니면 재테크 전반에 대한 기본적인 정보가 필요하신가요?",
27,옆집 강아지가 어제부터 계속 짖어서 시끄러운데 이거 원래 이 시기에 그런 건가요?,PLATFORM,direct-response,부정테스트(라우팅 오발동 방지 — 도메인 인접 함정),PASS,LIVE-FAIL,라우팅 불필요 상황인데 [GWP: kpolice] 오발동,"[GWP: kpolice]  
{USER_NAME}님, 옆집 강아지 짖음으로 인한 소음 문제는 K-Police를 통해 도움을 받으실 수 있습니다. 호출하겠습니다.",
28,예전에 지었다는 그 유명한 건물들은 보통 설계하는 데 시간이 얼마나 걸리나요?,PLATFORM,direct-response,부정테스트(라우팅 오발동 방지 — 도메인 인접 함정),PASS,LIVE-PASS,태그 없이 직접 응답 (기대대로),"§CORE 1단계 — 의도 파악: 사용자가 ""예전에 지었다는 그 유명한 건물들""의 설계 기간을 묻고 있습니다. 이는 특정 건물이나 프로젝트가 아니라 일반적인 역사적 건축물의 설계 기간에 대한 지식 질문입니다.

§CORE 2단계 — 최적 주체 결정: 이 질문은 특정 기관이나 전문가에게 위임할 성격이 아니라, 일반적인 건축 역사 지식에 대한 질문입니다. §CATALOG·§CATALOG-EXPERT 표에 이 주제를 다루는 GWP/EXPERT가 없습니다. §INFO의 세 경로(웹검색·PDV·핸드셰이크)도 필요하지 않은, 제가 직접 답할 수 있는 일반 지식 요청입니다.

---

""예전에 지었다는 그 유명한 건물들""이 정확히 어느 시대나 어떤 건물을 가리키는지에 따라 설계 기간은 매우 다양합니다. 몇 가지 대표적인 예를 들어 설명드리면:

- **고대·중세 건축물** (피라미드, 대성당 등): 현대적인 의미의 ""설계도""가 아니라 축적된 경험과 전통에 따라 시공하면서 설계가 확정되는 경우가 많았습니다. 예를 들어 프랑스의 샤르트르 대성당은 착공부터 완공까지 약 60년이 걸렸고, 설계는 세대를 거쳐 이어졌습니다.

- **르네상스 이후 근대 건축물**: 건축가가 개인으로서 설계를 주도하기 시작하면서 설계 기간이 문서화되기 시작했습니다. 예를 들어 성 베드로 대성당은 브라만테, 라파엘로, 미켈란젤로 등 여러 건축가가 교체되며 설계가 진화했고, 전체 설계·시공이 수백 년에 걸쳤습니다.

- **근대·현대의 유명 건축물**: 설계 기간이 비교적 짧고 명확해졌습니다. 예를 들어:
  - 시드니 오페라 하우스: 설계 공모(1956)부터 준공(1973)까지 약 17년
  - 구겐하임 빌바오: 설계 시작부터 준공까지 약 4~5년
  - 부르즈 할리파: 설계부터 준공까지 약 6년

정확한 답을 드리려면 어떤 건물이나 시대를 염두에 두셨는지 알려",
29,전세랑 월세 중에 요즘 사람들은 대체로 어느 쪽을 더 선호하나요?,PLATFORM,direct-response,부정테스트(라우팅 오발동 방지 — 도메인 인접 함정),PASS,LIVE-PASS,태그 없이 직접 응답 (기대대로),"전세와 월세 선호도는 지역, 시기, 경제 상황에 따라 달라지기 때문에 정확한 수치를 단정 지어 말씀드리기 어렵습니다. 다만 최근 몇 년간의 흐름을 보면, 금리 변동과 전세 보증금 부담 등으로 인해 **월세 선호도가 점차 높아지는 추세**입니다.

이런 부동산 시장 동향에 대한 더 자세하고 최신 정보를 원하시면, 부동산 매물 탐색과 시장 정보를 전문적으로 다루는 **K-Estate**를 통해 확인하시는 것이 좋겠습니다.

**K-Estate를 호출하겠습니다.**",
30,다른 나라 사람들은 요리할 때 우리보다 향신료를 훨씬 많이 쓴다던데 진짜인가요?,PLATFORM,direct-response,부정테스트(라우팅 오발동 방지 — 도메인 인접 함정),PASS,LIVE-PASS,태그 없이 직접 응답 (기대대로),"향신료 사용량에 대한 국가별 비교는 일반화하기 어렵습니다. 다만 몇 가지 참고할 만한 사실이 있습니다:

- **기후와의 연관성**: 더운 기후 지역(남아시아, 동남아시아, 중동 등)은 음식이 상하기 쉬워 향신료를 많이 사용하는 경향이 있습니다. 항균 효과가 있는 향신료(마늘, 양파, 커민 등)가 음식 보존에 도움을 줬다는 연구도 있습니다.
- **역사적 배경**: 유럽은 중세 시대 향신료가 매우 귀했지만, 인도·동남아시아는 자생적으로 풍부했습니다.
- **한국도 예외는 아님**: 한국 음식도 고추, 마늘, 생강, 참깨 등을 상당히 많이 사용합니다. 다만 ""향신료""를 서양식 허브·스파이스(오레가노, 큐민, 파프리카 등)로 한정하면 상대적으로 적게 쓰는 편입니다.

결론적으로 ""다른 나라 사람들이 전반적으로 더 많이 쓴다""는 지나친 단순화이고, 지역·요리·개인 취향에 따라 차이가 큽니다. 특정 국가나 요리 스타일이 궁금하시면 말씀해 주세요 — 더 자세히 알려드릴 수 있습니다.",
