사건번호(6자리),평가횟수,최초평가일시,최초점수,최초회차,최종평가일시,최종점수,최종회차,최종_1심추정점수(AI),최종_2심추정점수(AI)
195381,1,2026-05-12 18:11:31,10.0,6,2026-05-12 18:11:31,10.0,6,,10.0
206334,1,2026-05-12 18:12:03,10.0,6,2026-05-12 18:12:03,10.0,6,,
211567,2,2026-05-14 20:20:26,9.5,19,2026-05-14 20:20:26,9.5,19,,
212657,2,2026-05-14 20:20:00,10.0,19,2026-05-14 20:20:00,10.0,19,,
213499,1,2026-05-12 18:13:09,10.0,6,2026-05-12 18:13:09,10.0,6,10.0,10.0
213515,1,2026-05-12 17:21:45,9.5,5,2026-05-12 17:21:45,9.5,5,,
214863,2,2026-05-14 04:24:15,6.6,20,2026-05-15 06:40:32,8.0,26,4.5,10.0
219543,2,2026-05-14 20:30:34,9.5,19,2026-05-14 20:30:34,9.5,19,10.0,10.0
219803,2,2026-05-14 20:32:25,9.0,19,2026-05-14 20:32:25,9.0,19,10.0,10.0
219853,2,2026-05-14 20:20:54,1.5,19,2026-05-14 20:20:54,1.5,19,2.5,
221981,2,2026-05-12 10:29:54,0.0,5,2026-05-12 10:29:54,0.0,5,0.0,0.0
222859,1,2026-05-14 04:23:40,10.0,20,2026-05-14 04:23:40,10.0,20,10.0,10.0
224227,1,2026-05-12 17:21:13,10.0,5,2026-05-12 17:21:13,10.0,5,,
224229,1,2026-05-12 17:21:22,9.2,5,2026-05-12 17:21:22,9.2,5,10.0,
226649,2,2026-05-12 17:21:33,2.5,5,2026-05-14 20:21:26,2.5,19,,
228525,1,2026-05-12 19:09:51,9.5,7,2026-05-12 19:09:51,9.5,7,,
228537,1,2026-05-14 04:23:56,10.0,20,2026-05-14 04:23:56,10.0,20,0.0,0.0
231519,1,2026-05-12 19:08:55,9.8,7,2026-05-12 19:08:55,9.8,7,10.0,10.0
231555,2,2026-05-15 06:40:20,2.0,26,2026-05-15 06:40:20,2.0,26,,
231565,1,2026-05-12 19:09:35,9.0,7,2026-05-12 19:09:35,9.0,7,0.0,4.0
233047,2,2026-05-12 19:09:07,2.5,5,2026-05-14 20:31:53,9.3,19,0.0,0.0
233899,2,2026-05-14 04:24:01,0.0,20,2026-05-15 06:40:15,8.5,26,2.0,1.5
234477,2,2026-05-14 20:21:16,9.5,19,2026-05-14 20:21:16,9.5,19,,
234827,2,2026-05-12 17:23:26,0.0,5,2026-05-14 20:21:26,2.7,19,10.0,10.0
235933,1,2026-05-12 19:10:52,9.0,7,2026-05-12 19:10:52,9.0,7,,
237863,1,2026-05-12 19:10:15,9.5,7,2026-05-12 19:10:15,9.5,7,,
237959,2,2026-05-12 19:09:59,2.0,5,2026-05-14 20:32:26,3.0,19,,
238101,1,2026-05-12 10:30:30,10.0,5,2026-05-12 10:30:30,10.0,5,7.0,10.0
238483,2,2026-05-12 17:22:58,5.5,5,2026-05-14 20:22:28,5.5,19,5.0,10.0
238927,1,2026-05-12 10:30:20,10.0,5,2026-05-12 10:30:20,10.0,5,4.5,6.0
238979,1,2026-05-12 10:29:47,9.7,5,2026-05-12 10:29:47,9.7,5,2.9,2.9
239005,1,2026-05-12 17:23:54,10.0,5,2026-05-12 17:23:54,10.0,5,,
239085,2,2026-05-14 20:19:09,6.0,19,2026-05-14 20:19:09,6.0,19,4.0,10.0
239105,1,2026-05-14 04:25:04,10.0,20,2026-05-14 04:25:04,10.0,20,10.0,10.0
239121,2,2026-05-12 10:31:49,4.0,5,2026-05-14 20:19:01,2.0,19,,
239243,2,2026-05-12 10:31:32,4.3,5,2026-05-14 20:18:25,4.5,19,10.0,10.0
239509,2,2026-05-12 19:10:44,9.5,7,2026-05-14 20:32:15,10.0,19,0.0,0.0
239893,2,2026-05-14 04:25:53,2.0,20,2026-05-15 06:41:55,3.0,26,,
239895,1,2026-05-12 17:23:42,10.0,5,2026-05-12 17:23:42,10.0,5,,
239935,1,2026-05-14 04:25:14,10.0,20,2026-05-14 04:25:14,10.0,20,,
239979,1,2026-05-14 04:25:37,9.8,20,2026-05-14 04:25:37,9.8,20,,
239989,1,2026-05-12 10:31:26,8.5,5,2026-05-12 10:31:26,8.5,5,0.0,0.0
240079,1,2026-05-14 04:26:01,9.5,20,2026-05-14 04:26:01,9.5,20,,
240269,1,2026-05-12 19:11:10,10.0,7,2026-05-12 19:11:10,10.0,7,0.0,0.0
240305,1,2026-05-12 19:10:58,10.0,7,2026-05-12 19:10:58,10.0,7,2.5,2.5
240643,1,2026-05-12 17:24:11,10.0,5,2026-05-12 17:24:11,10.0,5,,
240683,1,2026-05-12 17:25:04,9.7,5,2026-05-12 17:25:04,9.7,5,,
240853,2,2026-05-14 04:27:03,0.0,20,2026-05-15 06:40:38,9.5,26,10.0,
241029,1,2026-05-14 17:03:04,9.5,18,2026-05-14 17:03:04,9.5,18,10.0,10.0
241039,1,2026-05-14 04:27:14,9.5,20,2026-05-14 04:27:14,9.5,20,5.0,0.0
241047,1,2026-05-12 10:31:40,9.0,5,2026-05-12 10:31:40,9.0,5,,
241217,1,2026-05-12 17:25:36,10.0,5,2026-05-12 17:25:36,10.0,5,6.0,3.0
241229,1,2026-05-12 17:24:59,10.0,5,2026-05-12 17:24:59,10.0,5,,
241349,1,2026-05-12 19:12:20,10.0,7,2026-05-12 19:12:20,10.0,7,,
241371,1,2026-05-14 17:03:26,10.0,18,2026-05-14 17:03:26,10.0,18,,
241399,1,2026-05-12 17:26:22,10.0,5,2026-05-12 17:26:22,10.0,5,,
241601,1,2026-05-14 04:26:36,9.5,20,2026-05-14 04:26:36,9.5,20,7.0,1.5
241627,1,2026-05-12 19:11:53,10.0,7,2026-05-12 19:11:53,10.0,7,3.0,3.0
241709,2,2026-05-14 04:27:13,1.5,20,2026-05-15 06:41:28,0.0,26,,
241875,1,2026-05-12 17:26:37,9.0,5,2026-05-12 17:26:37,9.0,5,10.0,10.0
241989,1,2026-05-14 17:03:56,10.0,18,2026-05-14 17:03:56,10.0,18,,
241993,2,2026-05-14 04:27:22,0.0,20,2026-05-15 06:41:38,1.8,26,,
241999,1,2026-05-12 19:12:00,9.5,7,2026-05-12 19:12:00,9.5,7,10.0,10.0
242005,1,2026-05-12 17:27:26,10.0,5,2026-05-12 17:27:26,10.0,5,,
242007,2,,,,,,,,
242029,1,2026-05-12 19:12:38,9.5,7,2026-05-12 19:12:38,9.5,7,10.0,10.0
242057,1,2026-05-12 10:33:03,9.0,5,2026-05-12 10:33:03,9.0,5,,10.0
242151,1,2026-05-14 04:27:42,9.5,20,2026-05-14 04:27:42,9.5,20,9.0,0.0
414084,1,2026-05-12 17:26:34,10.0,5,2026-05-12 17:26:34,10.0,5,,
420890,2,2026-05-12 17:27:11,4.5,5,2026-05-14 20:22:19,4.0,19,10.0,10.0
421190,1,2026-05-13 20:14:00,9.3,13,2026-05-13 20:14:00,9.3,13,,
423786,1,2026-05-12 19:13:25,9.0,7,2026-05-12 19:13:25,9.0,7,10.0,
599695,1,2026-05-12 19:14:14,9.2,7,2026-05-12 19:14:14,9.2,7,6.0,2.0
599741,2,2026-05-15 06:41:52,8.5,26,2026-05-15 06:41:52,8.5,26,10.0,10.0
599743,2,2026-05-14 04:28:13,1.5,20,2026-05-15 06:42:37,6.0,26,7.5,10.0
599793,2,2026-05-12 07:54:11,3.5,4,2026-05-14 20:22:42,1.5,19,1.5,1.5
599837,2,2026-05-14 04:28:07,0.0,20,2026-05-15 06:42:57,9.5,26,,
600299,2,2026-05-14 17:35:01,5.0,18,2026-05-15 06:43:17,3.5,26,,
600313,2,2026-05-14 17:36:02,0.0,18,2026-05-15 06:42:56,10.0,26,10.0,
600397,1,2026-05-12 07:55:02,9.0,4,2026-05-12 07:55:02,9.0,4,0.0,10.0
600467,1,2026-05-12 20:18:47,10.0,8,2026-05-12 20:18:47,10.0,8,,10.0
600501,1,2026-05-12 20:20:09,9.5,8,2026-05-12 20:20:09,9.5,8,0.0,0.0
600531,1,2026-05-12 07:54:05,9.5,4,2026-05-12 07:54:05,9.5,4,10.0,
600535,1,2026-05-14 17:35:28,9.0,18,2026-05-14 17:35:28,9.0,18,9.0,0.0
600541,1,2026-05-14 17:04:09,10.0,18,2026-05-14 17:04:09,10.0,18,,
600547,1,2026-05-12 20:19:54,10.0,8,2026-05-12 20:19:54,10.0,8,6.0,6.0
600569,1,2026-05-14 17:04:46,10.0,18,2026-05-14 17:04:46,10.0,18,3.0,3.0
601359,1,2026-05-14 17:35:29,9.0,18,2026-05-14 17:35:29,9.0,18,,
601501,1,2026-05-12 20:19:53,10.0,8,2026-05-12 20:19:53,10.0,8,10.0,2.9
601519,1,2026-05-14 21:05:16,5.0,19,2026-05-14 21:05:16,5.0,19,8.0,6.0
601521,1,2026-05-14 21:05:36,10.0,19,2026-05-14 21:05:36,10.0,19,0.0,0.0
601861,2,2026-05-12 20:20:09,4.2,8,2026-05-14 20:33:42,0.0,19,9.0,0.0
601955,1,2026-05-14 21:04:42,3.5,19,2026-05-14 21:04:42,3.5,19,,
601963,1,2026-05-12 07:55:24,10.0,4,2026-05-12 07:55:24,10.0,4,10.0,
601975,2,2026-05-12 20:21:04,4.5,8,2026-05-14 20:34:09,9.6,19,,
601987,2,,,,,,,,
603397,1,2026-05-14 21:04:58,5.8,19,2026-05-14 21:04:58,5.8,19,,
603549,1,2026-05-13 20:14:04,10.0,13,2026-05-13 20:14:04,10.0,13,,
603557,1,2026-05-13 20:14:14,9.5,13,2026-05-13 20:14:14,9.5,13,9.5,10.0
604041,2,2026-05-12 20:21:38,4.5,8,2026-05-14 20:34:26,5.5,19,,
604477,1,2026-05-12 07:55:37,10.0,4,2026-05-12 07:55:37,10.0,4,,
605031,1,2026-05-13 20:13:55,9.8,13,2026-05-13 20:13:55,9.8,13,,
605233,1,2026-05-12 20:20:52,10.0,8,2026-05-12 20:20:52,10.0,8,0.0,
605235,1,2026-05-12 20:22:03,10.0,8,2026-05-12 20:22:03,10.0,8,10.0,
605279,2,2026-05-14 21:18:07,6.0,20,2026-05-14 21:18:07,6.0,20,,
605331,2,2026-05-14 20:34:02,10.0,19,2026-05-14 20:34:02,10.0,19,,
605375,1,2026-05-14 21:04:35,10.0,19,2026-05-14 21:04:35,10.0,19,,
605673,1,2026-05-14 21:06:05,6.5,19,2026-05-14 21:06:05,6.5,19,,
605717,1,2026-05-12 20:22:06,10.0,8,2026-05-12 20:22:06,10.0,8,10.0,
605725,1,2026-05-14 21:05:52,10.0,19,2026-05-14 21:05:52,10.0,19,,
605727,2,2026-05-12 07:55:46,6.5,4,2026-05-14 20:22:49,2.5,19,,
605773,1,2026-05-13 20:14:40,10.0,13,2026-05-13 20:14:40,10.0,13,0.0,0.0
605811,1,2026-05-14 21:06:44,4.6,19,2026-05-14 21:06:44,4.6,19,3.5,4.5
605933,2,2026-05-13 20:15:31,4.5,13,2026-05-14 21:17:44,9.5,20,10.0,10.0
605973,2,2026-05-12 20:23:11,4.75,8,2026-05-15 05:54:26,8.0,22,0.0,
605977,1,2026-05-14 21:06:34,8.5,19,2026-05-14 21:06:34,8.5,19,,
606041,1,2026-05-12 20:23:34,8.0,8,2026-05-12 20:23:34,8.0,8,2.9,10.0
606125,1,,,,,,,,
606179,2,2026-05-12 20:24:02,0.5,8,2026-05-15 05:55:20,9.0,22,,
606215,2,2026-05-15 05:55:19,8.5,22,2026-05-15 05:55:19,8.5,22,,
606217,1,2026-05-12 20:23:12,10.0,8,2026-05-12 20:23:12,10.0,8,,0.0
606363,2,2026-05-12 20:24:04,2.6,8,2026-05-15 05:54:44,4.0,22,,
606365,2,2026-05-12 20:25:08,6.5,8,2026-05-15 05:55:17,3.8,22,7.5,7.5
606379,1,2026-05-14 21:23:10,3.5,20,2026-05-14 21:23:10,3.5,20,10.0,
606447,2,2026-05-12 07:56:13,6.5,4,2026-05-12 07:56:13,6.5,4,,
606501,1,2026-05-14 21:22:29,10.0,20,2026-05-14 21:22:29,10.0,20,0.0,0.0
606513,1,2026-05-13 20:14:59,9.5,13,2026-05-13 20:14:59,9.5,13,,
606559,1,2026-05-14 21:22:02,10.0,20,2026-05-14 21:22:02,10.0,20,,
606611,2,,,,,,,,
606617,1,2026-05-13 20:15:16,9.7,13,2026-05-13 20:15:16,9.7,13,10.0,10.0
606629,1,,,,,,,,
606639,1,2026-05-13 20:15:19,8.0,13,2026-05-13 20:15:19,8.0,13,4.0,4.0
606691,1,2026-05-12 20:25:04,10.0,8,2026-05-12 20:25:04,10.0,8,,
606693,1,2026-05-14 21:23:07,2.5,20,2026-05-14 21:23:07,2.5,20,2.5,2.5
606737,1,,,,,,,,
606741,1,2026-05-13 20:15:43,10.0,13,2026-05-13 20:15:43,10.0,13,,
606795,1,2026-05-12 10:33:00,9.5,5,2026-05-12 10:33:00,9.5,5,,
606813,2,2026-05-13 20:16:26,6.5,13,2026-05-13 20:16:26,6.5,13,0.0,0.0
606815,1,2026-05-14 21:24:41,2.0,20,2026-05-14 21:24:41,2.0,20,,
606945,1,2026-05-14 21:25:05,6.0,20,2026-05-14 21:25:05,6.0,20,8.5,
606949,2,,,,,,,,
607223,1,2026-05-14 21:25:13,9.5,20,2026-05-14 21:25:13,9.5,20,2.0,10.0
607233,1,2026-05-14 21:25:12,6.0,20,2026-05-14 21:25:12,6.0,20,5.5,4.5
607261,2,2026-05-12 20:41:26,0.0,9,2026-05-15 05:55:54,0.0,22,,
607627,1,2026-05-14 21:25:47,10.0,20,2026-05-14 21:25:47,10.0,20,10.0,
607781,1,2026-05-13 20:16:14,10.0,13,2026-05-13 20:16:14,10.0,13,10.0,
607817,1,2026-05-14 21:26:01,5.0,20,2026-05-14 21:26:01,5.0,20,10.0,
607825,2,2026-05-12 07:57:08,6.1,4,2026-05-14 20:28:41,10.0,19,,
607827,1,2026-05-12 20:41:07,10.0,9,2026-05-12 20:41:07,10.0,9,,
607831,2,2026-05-14 17:33:56,1.5,18,2026-05-14 21:17:59,4.0,20,,
607837,1,2026-05-12 20:41:22,9.5,9,2026-05-12 20:41:22,9.5,9,10.0,10.0
607845,1,2026-05-14 21:26:08,10.0,20,2026-05-14 21:26:08,10.0,20,0.0,0.0
607853,1,2026-05-14 21:26:28,10.0,20,2026-05-14 21:26:28,10.0,20,,
608249,1,2026-05-12 10:33:13,9.3,5,2026-05-12 10:33:13,9.3,5,,
608353,1,2026-05-12 07:57:14,9.0,4,2026-05-12 07:57:14,9.0,4,9.5,10.0
608363,1,2026-05-14 21:26:21,7.0,20,2026-05-14 21:26:21,7.0,20,4.9,4.9
608371,1,2026-05-12 20:41:14,7.3,9,2026-05-12 20:41:14,7.3,9,,
608421,1,2026-05-14 21:27:40,8.0,20,2026-05-14 21:27:40,8.0,20,,
608437,1,,,,,,,,
608459,1,2026-05-12 07:57:08,10.0,4,2026-05-12 07:57:08,10.0,4,10.0,10.0
608483,1,2026-05-12 10:33:58,9.5,5,2026-05-12 10:33:58,9.5,5,,
608493,1,2026-05-12 20:40:29,10.0,9,2026-05-12 20:40:29,10.0,9,9.5,10.0
608519,1,2026-05-14 21:27:58,8.7,20,2026-05-14 21:27:58,8.7,20,1.0,
608551,1,2026-05-12 20:41:58,10.0,9,2026-05-12 20:41:58,10.0,9,0.0,0.0
608557,1,2026-05-12 10:34:23,9.5,5,2026-05-12 10:34:23,9.5,5,,
609311,1,2026-05-14 21:27:58,0.5,20,2026-05-14 21:27:58,0.5,20,4.0,10.0
609315,2,2026-05-13 20:17:24,0.0,13,2026-05-13 20:17:24,0.0,13,,
609321,2,2026-05-12 20:42:48,0.5,9,2026-05-15 05:56:33,2.5,22,1.0,8.5
609331,1,2026-05-13 20:16:51,9.0,13,2026-05-13 20:16:51,9.0,13,0.9,0.9
609337,1,2026-05-14 21:32:06,9.8,20,2026-05-14 21:32:06,9.8,20,,10.0
609347,1,2026-05-13 20:17:09,10.0,13,2026-05-13 20:17:09,10.0,13,,
609415,2,2026-05-15 05:56:41,10.0,22,2026-05-15 05:56:41,10.0,22,0.0,0.0
609417,2,2026-05-12 20:43:08,6.5,9,2026-05-15 05:56:50,8.5,22,2.0,2.0
609419,2,2026-05-12 10:35:01,6.5,5,2026-05-14 20:18:21,6.0,19,3.0,3.0
609495,1,2026-05-14 17:33:40,10.0,18,2026-05-14 17:33:40,10.0,18,,
609497,1,2026-05-14 21:33:16,10.0,20,2026-05-14 21:33:16,10.0,20,2.9,2.9
609499,1,2026-05-13 20:17:42,10.0,13,2026-05-13 20:17:42,10.0,13,0.0,0.0
609511,2,2026-05-12 07:58:26,4.0,4,2026-05-12 07:58:26,4.0,4,0.0,0.0
609521,1,2026-05-12 20:42:24,10.0,9,2026-05-12 20:42:24,10.0,9,8.5,9.0
609545,1,2026-05-12 20:43:51,10.0,9,2026-05-12 20:43:51,10.0,9,10.0,10.0
609581,2,2026-05-12 20:44:39,0.0,9,2026-05-15 06:02:59,9.3,24,,
609595,1,2026-05-13 20:18:23,8.5,13,2026-05-13 20:18:23,8.5,13,,
610851,1,2026-05-12 07:58:59,9.9,4,2026-05-12 07:58:59,9.9,4,10.0,
612041,2,2026-05-13 20:30:39,4.0,14,2026-05-14 21:18:28,7.0,20,5.0,10.0
612055,1,2026-05-14 21:33:17,1.0,20,2026-05-14 21:33:17,1.0,20,,
612057,1,2026-05-12 07:58:35,10.0,4,2026-05-12 07:58:35,10.0,4,,
612063,1,2026-05-14 21:33:01,10.0,20,2026-05-14 21:33:01,10.0,20,,
612069,1,2026-05-14 21:33:15,10.0,20,2026-05-14 21:33:15,10.0,20,,0.0
612071,1,2026-05-14 21:33:30,10.0,20,2026-05-14 21:33:30,10.0,20,10.0,3.0
612077,2,2026-05-13 20:30:43,1.0,14,2026-05-15 06:05:52,10.0,24,,
612081,2,2026-05-13 20:30:07,2.5,14,2026-05-13 20:30:07,2.5,14,,10.0
612093,1,2026-05-12 20:44:40,10.0,9,2026-05-12 20:44:40,10.0,9,10.0,0.0
612107,2,2026-05-13 20:30:28,4.0,14,2026-05-15 06:11:32,0.0,25,,
612127,1,2026-05-14 21:34:29,10.5,20,2026-05-14 21:34:29,10.5,20,,
612131,1,2026-05-14 21:34:38,9.7,20,2026-05-14 21:34:38,9.7,20,10.0,10.0
612679,2,2026-05-12 20:44:38,0.0,9,2026-05-15 06:03:41,0.0,24,,
612685,2,2026-05-13 20:30:05,3.8,14,2026-05-13 20:30:05,3.8,14,9.5,1.0
612691,2,2026-05-13 20:32:07,1.5,14,2026-05-15 06:11:08,0.0,25,10.0,10.0
612707,1,2026-05-14 21:35:08,10.0,20,2026-05-14 21:35:08,10.0,20,4.0,10.0
612753,2,2026-05-12 20:44:52,0.0,9,2026-05-15 06:03:19,0.0,24,,
612773,1,2026-05-13 20:31:32,10.0,14,2026-05-13 20:31:32,10.0,14,,
612795,2,2026-05-12 20:46:08,0.0,9,2026-05-15 06:03:50,0.0,24,,
612811,1,2026-05-12 07:59:48,10.0,4,2026-05-12 07:59:48,10.0,4,9.5,
612843,1,2026-05-14 21:34:41,9.5,20,2026-05-14 21:34:41,9.5,20,,
612851,2,2026-05-14 20:28:34,6.0,19,2026-05-14 20:28:34,6.0,19,0.0,0.0
612857,2,2026-05-12 20:46:44,5.5,9,2026-05-15 06:03:41,9.5,24,,
612861,2,2026-05-12 18:09:05,0.0,5,2026-05-14 20:28:35,5.0,19,10.0,10.0
612869,2,2026-05-12 20:46:31,2.0,9,2026-05-15 06:04:55,4.0,24,,
612871,2,2026-05-13 20:32:17,6.0,14,2026-05-15 06:10:40,10.0,25,,
612875,1,2026-05-14 21:35:38,4.5,20,2026-05-14 21:35:38,4.5,20,0.0,
612877,1,2026-05-12 20:45:20,10.0,9,2026-05-12 20:45:20,10.0,9,10.0,10.0
612911,1,2026-05-12 20:46:48,10.0,9,2026-05-12 20:46:48,10.0,9,,
612913,1,2026-05-12 21:17:37,10.0,10,2026-05-12 21:17:37,10.0,10,10.0,9.0
612941,1,2026-05-12 21:17:33,10.0,10,2026-05-12 21:17:33,10.0,10,10.0,
612943,2,,,,,,,,
612957,1,2026-05-14 21:36:24,0.5,20,2026-05-14 21:36:24,0.5,20,,
612963,1,2026-05-14 21:36:11,10.0,20,2026-05-14 21:36:11,10.0,20,0.0,10.0
612973,2,2026-05-12 18:08:21,4.0,5,2026-05-14 20:31:45,2.5,19,,
612979,1,2026-05-14 21:36:33,10.0,20,2026-05-14 21:36:33,10.0,20,,
612981,2,2026-05-12 21:17:57,1.5,10,2026-05-15 06:05:08,8.5,24,,
612991,1,2026-05-12 21:17:40,10.0,10,2026-05-12 21:17:40,10.0,10,10.0,0.0
612999,1,2026-05-13 20:31:39,9.5,14,2026-05-13 20:31:39,9.5,14,,
613007,1,2026-05-12 21:17:39,10.0,10,2026-05-12 21:17:39,10.0,10,,
613015,1,2026-05-14 21:37:04,10.0,20,2026-05-14 21:37:04,10.0,20,,
613023,1,,,,,,,,
613033,1,2026-05-12 21:19:41,9.5,10,2026-05-12 21:19:41,9.5,10,10.0,10.0
613039,2,2026-05-15 06:12:14,10.0,25,2026-05-15 06:12:14,10.0,25,7.5,10.0
613049,1,2026-05-14 21:37:37,10.0,20,2026-05-14 21:37:37,10.0,20,9.8,10.0
613053,2,2026-05-14 17:33:51,0.5,18,2026-05-15 06:12:56,9.5,25,,
613067,1,2026-05-14 21:38:33,3.5,20,2026-05-14 21:38:33,3.5,20,,
613073,1,2026-05-14 21:37:55,0.0,20,2026-05-14 21:37:55,0.0,20,10.0,10.0
613077,1,2026-05-12 21:18:34,10.0,10,2026-05-12 21:18:34,10.0,10,10.0,10.0
613089,1,2026-05-12 21:19:49,9.5,10,2026-05-12 21:19:49,9.5,10,,
613095,2,2026-05-12 21:19:53,6.5,10,2026-05-15 06:04:48,10.0,24,,
613109,1,2026-05-12 21:19:40,10.0,10,2026-05-12 21:19:40,10.0,10,3.0,3.0
613119,2,2026-05-13 20:33:22,3.8,14,2026-05-15 06:13:10,10.0,25,,
613141,1,2026-05-12 21:20:13,10.0,10,2026-05-12 21:20:13,10.0,10,10.0,10.0
613197,1,2026-05-14 21:38:47,10.0,20,2026-05-14 21:38:47,10.0,20,0.0,0.0
613209,2,2026-05-13 20:33:33,1.5,14,2026-05-15 06:13:35,1.5,25,9.5,10.0
613213,1,2026-05-13 20:33:40,10.0,14,2026-05-13 20:33:40,10.0,14,,
613223,1,2026-05-12 21:21:13,10.0,10,2026-05-12 21:21:13,10.0,10,8.0,3.0
613233,2,2026-05-14 21:43:01,2.5,20,2026-05-15 05:46:39,2.5,21,,
613239,1,2026-05-14 17:05:29,9.5,18,2026-05-14 17:05:29,9.5,18,,
613249,2,2026-05-12 21:21:16,1.5,10,2026-05-15 06:04:47,10.0,24,,
613257,2,2026-05-12 21:21:23,4.5,10,2026-05-14 20:57:09,0.5,19,10.0,10.0
613261,1,2026-05-12 21:21:10,10.0,10,2026-05-12 21:21:10,10.0,10,,
613263,2,2026-05-13 20:34:02,0.0,14,2026-05-13 20:34:02,0.0,14,,
613309,2,2026-05-14 21:44:02,10.0,20,2026-05-15 05:45:52,10.0,21,,
613313,1,2026-05-13 20:34:35,9.3,14,2026-05-13 20:34:35,9.3,14,9.5,10.0
613335,2,2026-05-14 21:43:39,7.5,20,2026-05-15 05:46:04,0.5,21,,
613339,2,2026-05-14 21:43:02,10.0,20,2026-05-15 05:45:43,9.5,21,9.0,
614045,2,2026-05-12 21:21:50,2.5,10,2026-05-14 21:13:32,10.0,20,,
614333,1,2026-05-14 17:05:57,7.5,18,2026-05-14 17:05:57,7.5,18,,
614341,2,2026-05-12 21:22:50,0.5,10,2026-05-14 21:12:34,1.5,20,,0.0
614351,2,2026-05-13 20:34:46,0.5,14,2026-05-15 06:14:07,9.5,25,,
614361,2,2026-05-12 21:23:47,2.0,10,2026-05-14 21:13:30,6.0,20,,
614375,1,2026-05-14 17:04:08,9.5,18,2026-05-14 17:04:08,9.5,18,,
614417,2,2026-05-14 21:42:59,5.5,20,2026-05-15 05:45:53,7.0,21,,10.0
614433,1,2026-05-13 20:35:40,10.0,14,2026-05-13 20:35:40,10.0,14,2.0,10.0
614455,1,2026-05-13 19:09:06,10.0,11,2026-05-13 19:09:06,10.0,11,10.0,10.0
614481,1,2026-05-13 19:09:14,10.0,11,2026-05-13 19:09:14,10.0,11,4.0,10.0
614507,2,2026-05-13 19:09:46,2.0,11,2026-05-14 21:13:29,3.8,20,,
614551,2,,,,,,,,
614553,1,2026-05-12 10:34:53,10.0,5,2026-05-12 10:34:53,10.0,5,10.0,10.0
614559,1,2026-05-13 20:35:28,9.5,14,2026-05-13 20:35:28,9.5,14,,
614571,2,2026-05-14 03:43:17,4.0,16,2026-05-15 06:14:57,4.0,25,,
614589,2,2026-05-15 05:46:37,10.0,21,2026-05-15 05:46:37,10.0,21,,
614625,2,2026-05-14 21:44:14,9.5,20,2026-05-15 05:47:38,9.6,21,,
614645,2,2026-05-14 21:45:02,9.0,20,2026-05-15 05:46:58,10.0,21,10.0,
614659,1,2026-05-12 18:08:25,9.5,6,2026-05-12 18:08:25,9.5,6,,
614661,2,2026-05-14 20:30:38,8.6,19,2026-05-14 20:30:38,8.6,19,,
614695,2,2026-05-14 21:44:52,9.0,20,2026-05-15 05:47:36,8.0,21,,
614711,2,2026-05-14 03:43:54,5.5,16,2026-05-15 06:14:38,0.0,25,,
614715,1,2026-05-12 18:08:49,10.0,6,2026-05-12 18:08:49,10.0,6,,
615643,1,2026-05-13 19:09:35,10.0,11,2026-05-13 19:09:35,10.0,11,,4.0
615645,2,2026-05-14 21:45:35,7.5,20,2026-05-15 05:48:37,9.0,21,,
615651,1,2026-05-13 19:08:56,9.5,11,2026-05-13 19:08:56,9.5,11,2.0,2.0
615675,2,2026-05-14 03:43:50,4.0,16,2026-05-15 06:15:01,9.5,25,,10.0
615693,2,2026-05-12 18:10:07,1.0,5,2026-05-14 20:29:39,0.0,19,3.0,0.0
615695,2,2026-05-12 18:10:32,4.0,5,2026-05-14 20:30:20,6.5,19,2.5,2.5
615731,2,2026-05-14 21:45:52,10.0,20,2026-05-15 05:48:05,9.5,21,,
615737,2,2026-05-14 21:46:56,10.0,20,2026-05-15 05:48:32,10.0,21,4.0,10.0
615761,1,2026-05-13 19:10:46,10.0,11,2026-05-13 19:10:46,10.0,11,10.0,10.0
615769,1,2026-05-14 03:42:42,10.0,16,2026-05-14 03:42:42,10.0,16,,
615823,2,2026-05-12 18:10:29,9.0,6,2026-05-14 20:30:42,10.0,19,,
615839,2,2026-05-12 10:35:24,0.5,5,2026-05-14 20:20:07,0.1,19,8.5,10.0
615843,1,2026-05-13 19:10:59,10.0,11,2026-05-13 19:10:59,10.0,11,,
615845,2,2026-05-14 21:46:47,6.0,20,2026-05-15 05:49:03,3.5,21,8.0,10.0
615853,1,2026-05-12 18:11:01,10.0,6,2026-05-12 18:11:01,10.0,6,2.9,10.0
615859,2,2026-05-14 21:46:56,9.0,20,2026-05-15 05:49:38,2.0,21,,
615947,2,2026-05-13 19:11:04,1.5,11,2026-05-14 21:13:24,7.5,20,,
615949,2,2026-05-14 17:34:17,0.0,18,2026-05-14 21:14:37,0.0,20,,
615951,1,2026-05-13 19:11:09,9.5,11,2026-05-13 19:11:09,9.5,11,,
615955,1,2026-05-14 22:01:35,9.5,20,2026-05-14 22:01:35,9.5,20,9.0,9.5
615959,1,2026-05-14 03:43:35,10.0,16,2026-05-14 03:43:35,10.0,16,7.0,7.0
615973,1,2026-05-13 19:11:12,10.5,11,2026-05-13 19:11:12,10.5,11,,
615981,1,2026-05-13 19:12:16,10.0,11,2026-05-13 19:12:16,10.0,11,,
616013,1,2026-05-13 19:12:30,10.0,11,2026-05-13 19:12:30,10.0,11,,
616021,1,2026-05-14 17:34:23,9.5,18,2026-05-14 17:34:23,9.5,18,,
616023,1,2026-05-14 03:50:27,7.5,16,2026-05-14 03:50:27,7.5,16,10.0,10.0
616031,2,2026-05-14 21:14:46,10.0,20,2026-05-14 21:14:46,10.0,20,,
616035,2,2026-05-13 19:12:59,0.0,11,2026-05-14 21:15:12,10.0,20,0.0,0.0
616235,1,2026-05-13 19:12:02,9.3,11,2026-05-13 19:12:02,9.3,11,,
616241,1,2026-05-14 22:01:40,1.1,20,2026-05-14 22:01:40,1.1,20,10.0,10.0
616245,1,2026-05-13 19:14:07,10.0,11,2026-05-13 19:14:07,10.0,11,,
616247,1,2026-05-13 19:13:06,10.0,11,2026-05-13 19:13:06,10.0,11,2.9,2.9
616251,1,2026-05-13 19:13:47,9.0,11,2026-05-13 19:13:47,9.0,11,10.0,
616253,1,2026-05-14 22:02:07,0.5,20,2026-05-14 22:02:07,0.5,20,0.0,0.0
616259,1,2026-05-14 03:49:29,9.5,16,2026-05-14 03:49:29,9.5,16,,
616497,2,2026-05-14 21:14:45,10.0,20,2026-05-14 21:14:45,10.0,20,,2.9
616527,1,2026-05-13 19:48:02,8.5,12,2026-05-13 19:48:02,8.5,12,,
616539,1,2026-05-14 17:35:07,9.0,18,2026-05-14 17:35:07,9.0,18,10.0,10.0
616543,1,2026-05-13 19:47:19,10.0,12,2026-05-13 19:47:19,10.0,12,0.0,0.0
616571,1,2026-05-13 19:47:24,10.0,12,2026-05-13 19:47:24,10.0,12,,
616581,1,2026-05-13 19:47:32,10.0,12,2026-05-13 19:47:32,10.0,12,,
616585,1,2026-05-14 03:50:19,10.0,16,2026-05-14 03:50:19,10.0,16,,
616631,1,2026-05-14 03:49:43,10.0,16,2026-05-14 03:49:43,10.0,16,10.0,10.0
616713,1,2026-05-14 22:01:40,9.0,20,2026-05-14 22:01:40,9.0,20,0.0,10.0
616721,2,2026-05-13 19:48:44,5.4,12,2026-05-13 19:48:44,5.4,12,0.0,
616725,1,2026-05-13 19:49:06,9.8,12,2026-05-13 19:49:06,9.8,12,,
617163,2,2026-05-14 21:16:15,10.0,20,2026-05-14 21:16:15,10.0,20,10.0,10.0
617167,2,2026-05-14 03:50:00,6.5,16,2026-05-15 06:39:56,10.0,26,10.0,10.0
617171,1,2026-05-14 22:03:59,9.2,20,2026-05-14 22:03:59,9.2,20,,
617185,1,2026-05-14 22:02:14,10.0,20,2026-05-14 22:02:14,10.0,20,5.0,10.0
617197,2,2026-05-13 19:49:13,6.7,12,2026-05-14 21:16:51,9.6,20,10.0,
617235,1,2026-05-14 03:50:43,10.0,16,2026-05-14 03:50:43,10.0,16,,10.0
617241,1,2026-05-14 03:51:05,10.0,16,2026-05-14 03:51:05,10.0,16,10.0,10.0
617245,2,2026-05-14 03:51:17,3.3,16,2026-05-15 06:14:42,8.5,25,10.0,10.0
617247,1,2026-05-14 03:51:29,10.0,16,2026-05-14 03:51:29,10.0,16,10.0,10.0
617265,1,2026-05-13 19:49:22,9.9,12,2026-05-13 19:49:22,9.9,12,,10.0
617267,2,2026-05-14 03:52:29,2.0,16,2026-05-15 06:15:19,2.5,25,10.0,
617275,1,2026-05-14 03:52:13,10.0,16,2026-05-14 03:52:13,10.0,16,,
617293,1,2026-05-13 19:49:37,9.5,12,2026-05-13 19:49:37,9.5,12,,
618081,1,2026-05-13 19:51:07,10.0,12,2026-05-13 19:51:07,10.0,12,4.0,4.0
618137,1,2026-05-12 18:10:22,9.7,6,2026-05-12 18:10:22,9.7,6,8.7,8.7
618143,2,2026-05-13 19:51:11,3.5,12,2026-05-14 21:16:23,4.5,20,10.0,10.0
618147,1,2026-05-13 19:50:17,9.5,12,2026-05-13 19:50:17,9.5,12,10.0,10.0
618151,1,2026-05-12 10:35:43,10.0,5,2026-05-12 10:35:43,10.0,5,5.0,5.0
618175,1,2026-05-13 19:51:35,9.4,12,2026-05-13 19:51:35,9.4,12,,
618197,2,2026-05-14 21:16:38,9.0,20,2026-05-14 21:16:38,9.0,20,5.0,4.5
618203,1,2026-05-14 03:52:12,9.8,16,2026-05-14 03:52:12,9.8,16,,0.0
618205,2,2026-05-13 19:53:43,1.5,12,2026-05-14 21:17:11,0.0,20,,
618207,1,2026-05-13 19:52:21,10.0,12,2026-05-13 19:52:21,10.0,12,,
618209,1,2026-05-12 18:11:34,10.0,6,2026-05-12 18:11:34,10.0,6,3.0,7.0
618217,1,2026-05-13 19:52:23,7.5,12,2026-05-13 19:52:23,7.5,12,2.0,2.0
618253,2,2026-05-14 03:52:50,0.5,16,2026-05-15 06:39:59,9.0,26,10.0,10.0
618333,1,2026-05-12 18:12:36,9.8,6,2026-05-12 18:12:36,9.8,6,,
618335,1,2026-05-14 03:52:54,9.5,16,2026-05-14 03:52:54,9.5,16,9.0,9.0
